ecotypeid,bio1,phenotype
768,0.716667,2.4774
7298,-3.270833,4.8818
766,-4.283333,1.5098
9632,2.6625,1.6925
6938,5.375,-4.8774
9427,3.720833,-0.121
6915,7.525,-4.6118
9527,10.491667,-4.2956
8247,7.05,-0.248
9510,14.729167,4.4198
9649,14.408333,3.336
9518,12.625,-0.4348
7063,17.695833,1.7596
6911,22.700001,-1.064
9944,17.8375,-6.3218
768,0.716667,2.4774